{"amp":[0.11253008151634869,0.026791423283059976,0.023592660508539302,0.023500580662573732,0.022070150272057155,0.021956347923262166,0.02114465306484298,0.02092154518855603,0.020068791304053143],"freq":[26.594681063787245,26.394721055788843,26.994601079784044,26.194761047790443,25.994801039792044,27.194561087782446,27.394521095780846,26.794641071785644,25.79484103179364],"label":1}